{
  "ear_threshold": 0.1887901999530241,
  "mar_threshold": 0.8714579334329665,
  "pitch_range": [
    -3.7762363873571356,
    26.223763612642863
  ],
  "yaw_range": [
    -70.06856654055399,
    -30.068566540553988
  ]
}