{"alert_level": 0, "ear": 0.222, "mar": 0.577, "yaw_dev": -60.11940849508761, "pitch_dev": 16.22654297797736, "drowsy": false, "yawning": false, "head": false, "emotion": "Neutral", "timestamp": "21:13:36"}